Workbook

Sheet Sheet1
A1: PRN | B1: Name | C1: Sub1 | D1: Sub2 | E1: Sub3 | F1: Sub4 | G1: Sub5 | H1: Total | I1: percentage | J1: Result | K1: Distinction | L1: Topper List | M1: Class
A2: 2025A010 | B2: Meera Iyer | C2: 98 | D2: 97 | E2: 96 | F2: 99 | G2: 99 | H2: =SUM(C2:G2) -> 489 | I2: =(H2/500)*100 -> 97.8 | J2: =IF(OR(C2<40,D2<40,E2<40,F2<40,G2<40),"Fail",IF(H2>=200,"Pass","Fail")) -> Pass | K2: =IF(AND( J2="Pass",I2>=75),"Distiction","Below distiction") -> Distiction | L2: 1 | M2: =IF(I2>75,"FIRST CLASS",IF(I2>60,"SECOND CLASS",IF(I2>45,"THIRD CLASS"))) -> FIRST CLASS
A3: 2025A001 | B3: Aditi Sharma | C3: 92 | D3: 88 | E3: 90 | F3: 94 | G3: 92 | H3: =SUM(C3:G3) -> 456 | I3: =(H3/500)*100 -> 91.2 | J3: =IF(OR(C3<40,D3<40,E3<40,F3<40,G3<40),"Fail",IF(H3>=200,"Pass","Fail")) -> Pass | K3: =IF(AND( J3="Pass",I3>=75),"Distiction","Below distiction") -> Distiction | L3: 2 | M3: =IF(I3>75,"FIRST CLASS",IF(I3>60,"SECOND CLASS",IF(I3>45,"THIRD CLASS"))) -> FIRST CLASS
A4: 2025A005 | B4: Priya Nair | C4: 88 | D4: 91 | E4: 87 | F4: 89 | G4: 86 | H4: =SUM(C4:G4) -> 441 | I4: =(H4/500)*100 -> 88.2 | J4: =IF(OR(C4<40,D4<40,E4<40,F4<40,G4<40),"Fail",IF(H4>=200,"Pass","Fail")) -> Pass | K4: =IF(AND( J4="Pass",I4>=75),"Distiction","Below distiction") -> Distiction | L4: 3 | M4: =IF(I4>75,"FIRST CLASS",IF(I4>60,"SECOND CLASS",IF(I4>45,"THIRD CLASS"))) -> FIRST CLASS
A5: 2025A012 | B5: Divya Kaur | C5: 84 | D5: 85 | E5: 83 | F5: 86 | G5: 83 | H5: =SUM(C5:G5) -> 421 | I5: =(H5/500)*100 -> 84.2 | J5: =IF(OR(C5<40,D5<40,E5<40,F5<40,G5<40),"Fail",IF(H5>=200,"Pass","Fail")) -> Pass | K5: =IF(AND( J5="Pass",I5>=75),"Distiction","Below distiction") -> Distiction | L5: 4 | M5: =IF(I5>75,"FIRST CLASS",IF(I5>60,"SECOND CLASS",IF(I5>45,"THIRD CLASS"))) -> FIRST CLASS
A6: 2025A003 | B6: Sneha Deshmukh | C6: 84 | D6: 82 | E6: 79 | F6: 86 | G6: 84 | H6: =SUM(C6:G6) -> 415 | I6: =(H6/500)*100 -> 83 | J6: =IF(OR(C6<40,D6<40,E6<40,F6<40,G6<40),"Fail",IF(H6>=200,"Pass","Fail")) -> Pass | K6: =IF(AND( J6="Pass",I6>=75),"Distiction","Below distiction") -> Distiction | L6: 5 | M6: =IF(I6>75,"FIRST CLASS",IF(I6>60,"SECOND CLASS",IF(I6>45,"THIRD CLASS"))) -> FIRST CLASS
A7: 2025A007 | B7: Nisha Singh | C7: 95 | D7: 93 | E7: 96 | F7: 30 | G7: 94 | H7: =SUM(C7:G7) -> 408 | I7: =(H7/500)*100 -> 81.6 | J7: =IF(OR(C7<40,D7<40,E7<40,F7<40,G7<40),"Fail",IF(H7>=200,"Pass","Fail")) -> Fail | K7: =IF(AND( J7="Pass",I7>=75),"Distiction","Below distiction") -> Below distiction | L7: 6 | M7: =IF(I7>75,"FIRST CLASS",IF(I7>60,"SECOND CLASS",IF(I7>45,"THIRD CLASS"))) -> FIRST CLASS
A8: 2025A006 | B8: Aarav Joshi | C8: 80 | D8: 77 | E8: 83 | F8: 79 | G8: 79 | H8: =SUM(C8:G8) -> 398 | I8: =(H8/500)*100 -> 79.6 | J8: =IF(OR(C8<40,D8<40,E8<40,F8<40,G8<40),"Fail",IF(H8>=200,"Pass","Fail")) -> Pass | K8: =IF(AND( J8="Pass",I8>=75),"Distiction","Below distiction") -> Distiction | L8: 7 | M8: =IF(I8>75,"FIRST CLASS",IF(I8>60,"SECOND CLASS",IF(I8>45,"THIRD CLASS"))) -> FIRST CLASS
A9: 2025A015 | B9: Omkar Desai | C9: 78 | D9: 80 | E9: 79 | F9: 76 | G9: 77 | H9: =SUM(C9:G9) -> 390 | I9: =(H9/500)*100 -> 78 | J9: =IF(OR(C9<40,D9<40,E9<40,F9<40,G9<40),"Fail",IF(H9>=200,"Pass","Fail")) -> Pass | K9: =IF(AND( J9="Pass",I9>=75),"Distiction","Below distiction") -> Distiction | L9: 8 | M9: =IF(I9>75,"FIRST CLASS",IF(I9>60,"SECOND CLASS",IF(I9>45,"THIRD CLASS"))) -> FIRST CLASS
A10: 2025A014 | B10: Kavya Pillai | C10: 87 | D10: 88 | E10: 86 | F10: 40 | G10: 87 | H10: =SUM(C10:G10) -> 388 | I10: =(H10/500)*100 -> 77.6 | J10: =IF(OR(C10<40,D10<40,E10<40,F10<40,G10<40),"Fail",IF(H10>=200,"Pass","Fail")) -> Pass | K10: =IF(AND( J10="Pass",I10>=75),"Distiction","Below distiction") -> Distiction | L10: 9 | M10: =IF(I10>75,"FIRST CLASS",IF(I10>60,"SECOND CLASS",IF(I10>45,"THIRD CLASS"))) -> FIRST CLASS
A11: 2025A002 | B11: Rahul Patil | C11: 78 | D11: 74 | E11: 81 | F11: 72 | G11: 77 | H11: =SUM(C11:G11) -> 382 | I11: =(H11/500)*100 -> 76.4 | J11: =IF(OR(C11<40,D11<40,E11<40,F11<40,G11<40),"Fail",IF(H11>=200,"Pass","Fail")) -> Pass | K11: =IF(AND( J11="Pass",I11>=75),"Distiction","Below distiction") -> Distiction | L11: 10 | M11: =IF(I11>75,"FIRST CLASS",IF(I11>60,"SECOND CLASS",IF(I11>45,"THIRD CLASS"))) -> FIRST CLASS
A12: 2025A011 | B12: Aniket Pawar | C12: 73 | D12: 74 | E12: 76 | F12: 75 | G12: 76 | H12: =SUM(C12:G12) -> 374 | I12: =(H12/500)*100 -> 74.8 | J12: =IF(OR(C12<40,D12<40,E12<40,F12<40,G12<40),"Fail",IF(H12>=200,"Pass","Fail")) -> Pass | K12: =IF(AND( J12="Pass",I12>=75),"Distiction","Below distiction") -> Below distiction | L12: 11 | M12: =IF(I12>75,"FIRST CLASS",IF(I12>60,"SECOND CLASS",IF(I12>45,"THIRD CLASS"))) -> SECOND CLASS
A13: 2025A008 | B13: Vivek Kulkarni | C13: 70 | D13: 71 | E13: 69 | F13: 73 | G13: 73 | H13: =SUM(C13:G13) -> 356 | I13: =(H13/500)*100 -> 71.2 | J13: =IF(OR(C13<40,D13<40,E13<40,F13<40,G13<40),"Fail",IF(H13>=200,"Pass","Fail")) -> Pass | K13: =IF(AND( J13="Pass",I13>=75),"Distiction","Below distiction") -> Below distiction | L13: 12 | M13: =IF(I13>75,"FIRST CLASS",IF(I13>60,"SECOND CLASS",IF(I13>45,"THIRD CLASS"))) -> SECOND CLASS
... A16: 2025A009 | B16: Rohan Gupta | C16: 50 | D16: 39 | E16: 54 | F16: 55 | G16: 51 | H16: =SUM(C16:G16) -> 249 | I16: =(H16/500)*100 -> 49.8 | J16: =IF(OR(C16<40,D16<40,E16<40,F16<40,G16<40),"Fail",IF(H16>=200,"Pass","Fail")) -> Fail | K16: =IF(AND( J16="Pass",I16>=75),"Distiction","Below distiction") -> Below distiction | L16: 15 | M16: =IF(I16>75,"FIRST CLASS",IF(I16>60,"SECOND CLASS",IF(I16>45,"THIRD CLASS"))) -> THIRD CLASS

Sheet Sheet2
A1: PRN | B1: Name | C1: total | D1: Percentage | E1: Result
A2: 2025A001 | B2: =VLOOKUP(A2, Sheet1!A2:J16,2) -> Aditi Sharma | C2: =VLOOKUP(A2, Sheet1!A2:J16,8) -> 456 | D2: =VLOOKUP(A2, Sheet1!A2:J16,9) -> 91.2 | E2: =VLOOKUP(A2, Sheet1!A2:J16, 10) -> Pass
A3: 2025A002 | B3: =VLOOKUP(A3, Sheet1!A3:J17,2) -> Aditi Sharma | C3: =VLOOKUP(A3, Sheet1!A3:J17,8) -> 456 | D3: =VLOOKUP(A3, Sheet1!A3:J17,9) -> 91.2 | E3: =VLOOKUP(A3, Sheet1!A3:J17, 10) -> Pass
A4: 2025A003 | B4: =VLOOKUP(A4, Sheet1!A4:J18,2) -> Rahul Patil | C4: =VLOOKUP(A4, Sheet1!A4:J18,8) -> 382 | D4: =VLOOKUP(A4, Sheet1!A4:J18,9) -> 76.4 | E4: =VLOOKUP(A4, Sheet1!A4:J18, 10) -> Pass
A5: 2025A004 | B5: =VLOOKUP(A5, Sheet1!A5:J19,2) -> Sneha Deshmukh | C5: =VLOOKUP(A5, Sheet1!A5:J19,8) -> 415 | D5: =VLOOKUP(A5, Sheet1!A5:J19,9) -> 83 | E5: =VLOOKUP(A5, Sheet1!A5:J19, 10) -> Pass
A6: 2025A005 | B6: =VLOOKUP(A6, Sheet1!A6:J20,2) -> Sneha Deshmukh | C6: =VLOOKUP(A6, Sheet1!A6:J20,8) -> 415 | D6: =VLOOKUP(A6, Sheet1!A6:J20,9) -> 83 | E6: =VLOOKUP(A6, Sheet1!A6:J20, 10) -> Pass
A7: 2025A006 | B7: =VLOOKUP(A7, Sheet1!A7:J21,2) -> Aarav Joshi | C7: =VLOOKUP(A7, Sheet1!A7:J21,8) -> 398 | D7: =VLOOKUP(A7, Sheet1!A7:J21,9) -> 79.6 | E7: =VLOOKUP(A7, Sheet1!A7:J21, 10) -> Pass
A8: 2025A007 | B8: =VLOOKUP(A8, Sheet1!A8:J22,2) -> Karan Mehta | C8: =VLOOKUP(A8, Sheet1!A8:J22,8) -> 280 | D8: =VLOOKUP(A8, Sheet1!A8:J22,9) -> 56 | E8: =VLOOKUP(A8, Sheet1!A8:J22, 10) -> Fail
A9: 2025A008 | B9: =VLOOKUP(A9, Sheet1!A9:J23,2) -> #N/A | C9: =VLOOKUP(A9, Sheet1!A9:J23,8) -> #N/A | D9: =VLOOKUP(A9, Sheet1!A9:J23,9) -> #N/A | E9: =VLOOKUP(A9, Sheet1!A9:J23, 10) -> #N/A
A10: 2025A009 | B10: =VLOOKUP(A10, Sheet1!A10:J24,2) -> Rohan Gupta | C10: =VLOOKUP(A10, Sheet1!A10:J24,8) -> 249 | D10: =VLOOKUP(A10, Sheet1!A10:J24,9) -> 49.8 | E10: =VLOOKUP(A10, Sheet1!A10:J24, 10) -> Fail
A11: 2025A010 | B11: =VLOOKUP(A11, Sheet1!A11:J25,2) -> Rahul Patil | C11: =VLOOKUP(A11, Sheet1!A11:J25,8) -> 382 | D11: =VLOOKUP(A11, Sheet1!A11:J25,9) -> 76.4 | E11: =VLOOKUP(A11, Sheet1!A11:J25, 10) -> Pass
A12: 2025A011 | B12: =VLOOKUP(A12, Sheet1!A12:J26,2) -> Rohan Gupta | C12: =VLOOKUP(A12, Sheet1!A12:J26,8) -> 249 | D12: =VLOOKUP(A12, Sheet1!A12:J26,9) -> 49.8 | E12: =VLOOKUP(A12, Sheet1!A12:J26, 10) -> Fail
A13: 2025A012 | B13: =VLOOKUP(A13, Sheet1!A13:J27,2) -> Rohan Gupta | C13: =VLOOKUP(A13, Sheet1!A13:J27,8) -> 249 | D13: =VLOOKUP(A13, Sheet1!A13:J27,9) -> 49.8 | E13: =VLOOKUP(A13, Sheet1!A13:J27, 10) -> Fail
... A16: 2025A015 | B16: =VLOOKUP(A16, Sheet1!A16:J30,2) -> Rohan Gupta | C16: =VLOOKUP(A16, Sheet1!A16:J30,8) -> 249 | D16: =VLOOKUP(A16, Sheet1!A16:J30,9) -> 49.8 | E16: =VLOOKUP(A16, Sheet1!A16:J30, 10) -> Fail
